INSERT INTO country
(`COUNTRY_CODE`,
`COUNTRY_NAME`)
VALUES
('UK','United Kingdom');

INSERT INTO country
(`COUNTRY_CODE`,
`COUNTRY_NAME`)
VALUES
('US','United States');


INSERT INTO country (`COUNTRY_CODE`, `COUNTRY_NAME`) VALUES ('IN','India');
INSERT INTO country (`COUNTRY_CODE`, `COUNTRY_NAME`) VALUES ('PK','Pakistan');
INSERT INTO country (`COUNTRY_CODE`, `COUNTRY_NAME`) VALUES ('IQ','Iraq');
INSERT INTO country (`COUNTRY_CODE`, `COUNTRY_NAME`) VALUES ('IR','Iran');
INSERT INTO country (`COUNTRY_CODE`, `COUNTRY_NAME`) VALUES ('MX','Maxico');
INSERT INTO country (`COUNTRY_CODE`, `COUNTRY_NAME`) VALUES ('CN','Canada');
INSERT INTO country (`COUNTRY_CODE`, `COUNTRY_NAME`) VALUES ('SL','Sri Lanks');
INSERT INTO country (`COUNTRY_CODE`, `COUNTRY_NAME`) VALUES ('AF','Afghanistan');
INSERT INTO country (`COUNTRY_CODE`, `COUNTRY_NAME`) VALUES ('SY','Syria');
INSERT INTO country (`COUNTRY_CODE`, `COUNTRY_NAME`) VALUES ('LY','Libya');
INSERT INTO country (`COUNTRY_CODE`, `COUNTRY_NAME`) VALUES ('SG','Singapore');
INSERT INTO country (`COUNTRY_CODE`, `COUNTRY_NAME`) VALUES ('BR','Brazil');


INSERT INTO STATE_PROVINCE (STATE_CODE, STATE_NAME, COUNTRY_CODE, STATUS) VALUES ('DL', 'New Delhi', 'IN', 'A');
INSERT INTO STATE_PROVINCE (STATE_CODE, STATE_NAME, COUNTRY_CODE, STATUS) VALUES ('MH', 'Maharashtra', 'IN', 'A');
INSERT INTO STATE_PROVINCE (STATE_CODE, STATE_NAME, COUNTRY_CODE, STATUS) VALUES ('PB', 'Punjab', 'IN', 'A');
INSERT INTO STATE_PROVINCE (STATE_CODE, STATE_NAME, COUNTRY_CODE, STATUS) VALUES ('CA', 'California', 'US', 'A');
INSERT INTO STATE_PROVINCE (STATE_CODE, STATE_NAME, COUNTRY_CODE, STATUS) VALUES ('NY', 'New York', 'US', 'A');
INSERT INTO STATE_PROVINCE (STATE_CODE, STATE_NAME, COUNTRY_CODE, STATUS) VALUES ('SD', 'Sindh', 'PK', 'A');
INSERT INTO STATE_PROVINCE (STATE_CODE, STATE_NAME, COUNTRY_CODE, STATUS) VALUES ('IS', 'Islamabad', 'PK', 'A');
INSERT INTO STATE_PROVINCE (STATE_CODE, STATE_NAME, COUNTRY_CODE, STATUS) VALUES ('KDH', 'Kandadhar', 'AF', 'A');
INSERT INTO STATE_PROVINCE (STATE_CODE, STATE_NAME, COUNTRY_CODE, STATUS) VALUES ('MO', 'Mosul', 'IQ', 'A');
INSERT INTO STATE_PROVINCE (STATE_CODE, STATE_NAME, COUNTRY_CODE, STATUS) VALUES ('DMS', 'Damascus', 'SY', 'A');


INSERT INTO CURRENCY (CURRENCY_CODE, DESCRIPTION, BASE_CURRENCY_CODE) VALUES ('INR', 'Indian Rupees', '');
INSERT INTO CURRENCY (CURRENCY_CODE, DESCRIPTION, BASE_CURRENCY_CODE) VALUES ('USD', 'US Dollar', '');
INSERT INTO CURRENCY (CURRENCY_CODE, DESCRIPTION, BASE_CURRENCY_CODE) VALUES ('PKR', 'Pakistan Rupees', '');
INSERT INTO CURRENCY (CURRENCY_CODE, DESCRIPTION, BASE_CURRENCY_CODE) VALUES ('BP', 'British Pound', '');
INSERT INTO CURRENCY (CURRENCY_CODE, DESCRIPTION, BASE_CURRENCY_CODE) VALUES ('SAR', 'Soudi Riyal', '');
